thoi_diem,pop_dang_dung,lat_cloudflare,lat_vultr_singapore,lat_vultr_seoul,lat_linode_singapore,bat_thuong,pop_moi,xu_ly_thuat_toan_ms,phan_ung_dau_cuoi_s
2026-09-28T10:40:16.888,linode_singapore,47.5,62.0,86.0,40.0,False,,4.9,
2026-09-28T10:40:20.270,linode_singapore,49.0,67.5,87.0,42.0,False,,5.51,
2026-09-28T10:40:23.403,linode_singapore,49.0,65.5,87.0,42.0,False,,12.22,
2026-09-28T10:40:26.573,linode_singapore,46.0,64.5,83.5,41.0,False,,9.73,
2026-09-28T10:40:29.712,linode_singapore,47.0,65.0,84.0,40.0,False,,5.39,
2026-09-28T10:40:33.037,linode_singapore,47.5,64.5,86.0,42.0,False,,8.16,
2026-09-28T10:40:36.177,linode_singapore,46.5,64.0,84.5,40.0,False,,7.9,
2026-09-28T10:40:39.330,linode_singapore,48.0,63.5,86.0,40.5,False,,6.08,
2026-09-28T10:40:42.504,linode_singapore,46.0,65.5,92.0,47.5,False,,6.12,
2026-09-28T10:40:45.648,linode_singapore,46.5,65.0,84.5,41.0,False,,5.54,
2026-09-28T10:40:48.803,linode_singapore,46.5,63.5,86.5,40.0,False,,15.89,
2026-09-28T10:40:51.968,linode_singapore,46.0,62.0,84.5,40.5,False,,11.16,
2026-09-28T10:40:55.113,linode_singapore,48.5,65.0,86.0,852.5,True,cloudflare,14.29,
2026-09-28T10:40:59.092,cloudflare,47.0,65.5,84.0,859.5,False,,10.86,
2026-09-28T10:41:03.035,cloudflare,46.0,64.5,84.0,40.5,False,,7.93,
