thoi_diem,latency_p25_ms,latency_p50_ms,latency_p75_ms
2026-09-05T00:00:00Z,33.275757,50.377518,68.856639
2026-09-05T01:00:00Z,32.219076,49.90102,69.948437
2026-09-05T02:00:00Z,32.248696,49.576319,69.856087
2026-09-05T03:00:00Z,33.240447,51.58523,72.050195
2026-09-05T04:00:00Z,34.491768,52.689584,73.605179
2026-09-05T05:00:00Z,36.137174,54.757678,75.743348
2026-09-05T06:00:00Z,35.022711,54.136425,74.621483
2026-09-05T07:00:00Z,35.305701,54.242655,74.476426
2026-09-05T08:00:00Z,34.33152,52.863436,72.025557
2026-09-05T09:00:00Z,34.258135,52.700149,71.985352
2026-09-05T10:00:00Z,33.679036,51.931056,71.995463
2026-09-05T11:00:00Z,35.134823,54.121523,73.882493
2026-09-05T12:00:00Z,36.624869,55.829793,76.32355
2026-09-05T13:00:00Z,38.829746,58.085991,81.032102
2026-09-05T14:00:00Z,38.671391,57.338586,80.941465
2026-09-05T15:00:00Z,37.52235,56.684298,80.350261
2026-09-05T16:00:00Z,35.44248,54.361808,76.552538
2026-09-05T17:00:00Z,32.952963,52.958175,73.344411
2026-09-05T18:00:00Z,32.164774,50.898224,70.573898
2026-09-05T19:00:00Z,31.234469,49.816154,71.406681
2026-09-05T20:00:00Z,31.174143,47.487602,66.898512
2026-09-05T21:00:00Z,31.244104,49.425446,69.212722
2026-09-05T22:00:00Z,32.81753,50.212423,72.062119
2026-09-05T23:00:00Z,32.703426,50.49533,71.032732
2026-09-06T00:00:00Z,32.132184,50.183315,69.698658
2026-09-06T01:00:00Z,31.488842,49.402435,67.627129
2026-09-06T02:00:00Z,32.614023,50.516599,68.346801
2026-09-06T03:00:00Z,32.743572,50.633212,69.775176
2026-09-06T04:00:00Z,33.905086,51.444795,70.594249
2026-09-06T05:00:00Z,35.180556,53.588364,74.098196
2026-09-06T06:00:00Z,35.161956,54.093121,74.887172
2026-09-06T07:00:00Z,34.456323,53.162778,73.35381
2026-09-06T08:00:00Z,34.747964,53.034478,73.209551
2026-09-06T09:00:00Z,36.352822,54.1041,75.275605
2026-09-06T10:00:00Z,35.630061,53.896898,74.353763
2026-09-06T11:00:00Z,35.905509,54.910208,75.363757
2026-09-06T12:00:00Z,35.724926,56.171409,76.643576
2026-09-06T13:00:00Z,37.984488,59.545231,85.922056
2026-09-06T14:00:00Z,39.859084,61.117956,89.90888
2026-09-06T15:00:00Z,38.547336,59.362171,89.238537
2026-09-06T16:00:00Z,37.135541,56.182997,82.8055
2026-09-06T17:00:00Z,33.779006,52.126472,74.887595
2026-09-06T18:00:00Z,33.129628,51.685374,71.647377
2026-09-06T19:00:00Z,31.522083,50.886219,68.591788
2026-09-06T20:00:00Z,33.638453,52.299008,71.682665
2026-09-06T21:00:00Z,32.540905,50.73084,71.160461
2026-09-06T22:00:00Z,32.025005,49.22547,68.228629
2026-09-06T23:00:00Z,32.848989,50.232288,68.062128
2026-09-07T00:00:00Z,31.218955,48.221857,66.673032
2026-09-07T01:00:00Z,31.539289,49.247144,68.490991
2026-09-07T02:00:00Z,31.806655,49.88472,71.326473
2026-09-07T03:00:00Z,31.688975,49.42903,69.596692
2026-09-07T04:00:00Z,33.407225,50.641917,70.911728
2026-09-07T05:00:00Z,35.37206,53.00512,73.777904
2026-09-07T06:00:00Z,35.283931,53.046581,72.611981
2026-09-07T07:00:00Z,34.044864,52.629132,72.751569
2026-09-07T08:00:00Z,32.573188,51.329573,70.835775
2026-09-07T09:00:00Z,33.008137,52.279712,72.192944
2026-09-07T10:00:00Z,33.473091,52.616077,71.960794
2026-09-07T11:00:00Z,34.835131,53.317055,73.031846
2026-09-07T12:00:00Z,37.128446,55.437924,76.614072
2026-09-07T13:00:00Z,38.056355,56.798087,79.280259
2026-09-07T14:00:00Z,37.732355,57.523026,80.881185
2026-09-07T15:00:00Z,36.123907,56.600914,78.875969
2026-09-07T16:00:00Z,34.789688,54.36225,74.722238
2026-09-07T17:00:00Z,31.597106,51.23222,69.539799
2026-09-07T18:00:00Z,31.645138,51.160034,67.623827
2026-09-07T19:00:00Z,32.010219,50.986138,68.020026
2026-09-07T20:00:00Z,32.962364,52.263666,69.776099
2026-09-07T21:00:00Z,32.275536,49.947481,67.89028
2026-09-07T22:00:00Z,32.07712,51.070391,68.57221
2026-09-07T23:00:00Z,31.593241,51.580308,69.959252
2026-09-08T00:00:00Z,32.042233,51.63891,70.92495
2026-09-08T01:00:00Z,30.858376,49.749946,69.131908
2026-09-08T02:00:00Z,30.9601,48.918037,68.511735
2026-09-08T03:00:00Z,31.564235,49.731202,69.521403
2026-09-08T04:00:00Z,32.847236,51.285561,71.037629
2026-09-08T05:00:00Z,34.199242,53.027706,73.998151
2026-09-08T06:00:00Z,34.124198,52.708462,74.069568
2026-09-08T07:00:00Z,32.88608,50.918098,72.099582
2026-09-08T08:00:00Z,32.819871,51.616479,72.133584
2026-09-08T09:00:00Z,31.717884,50.390442,69.312305
2026-09-08T10:00:00Z,33.554725,52.60485,72.009844
2026-09-08T11:00:00Z,33.995606,53.093385,72.874466
2026-09-08T12:00:00Z,36.18588,55.69322,77.869087
2026-09-08T13:00:00Z,38.220777,57.789011,81.597309
2026-09-08T14:00:00Z,38.700698,58.760728,84.421572
2026-09-08T15:00:00Z,38.129108,57.196956,82.220828
2026-09-08T16:00:00Z,35.383625,54.535066,77.556377
2026-09-08T17:00:00Z,34.893963,54.071151,76.04128
2026-09-08T18:00:00Z,32.859765,51.771505,72.715172
2026-09-08T19:00:00Z,31.865579,50.618291,68.680634
2026-09-08T20:00:00Z,32.643192,51.728624,70.292631
2026-09-08T21:00:00Z,32.326999,50.695091,69.254321
2026-09-08T22:00:00Z,32.89891,51.753106,70.688965
2026-09-08T23:00:00Z,34.196813,53.088548,73.093571
2026-09-09T00:00:00Z,33.187032,52.291706,71.266127
2026-09-09T01:00:00Z,32.957714,52.219623,74.406217
2026-09-09T02:00:00Z,32.446851,51.916485,75.074932
2026-09-09T03:00:00Z,32.574704,52.036735,77.67015
2026-09-09T04:00:00Z,32.963643,53.016508,76.635814
2026-09-09T05:00:00Z,34.223588,53.974206,77.811686
2026-09-09T06:00:00Z,34.082602,54.254129,77.31883
2026-09-09T07:00:00Z,34.018754,54.028415,76.924675
2026-09-09T08:00:00Z,33.636294,53.579523,74.967636
2026-09-09T09:00:00Z,35.117005,54.70379,74.952556
2026-09-09T10:00:00Z,35.615249,54.359456,74.085825
2026-09-09T11:00:00Z,36.837925,55.432141,75.717216
2026-09-09T12:00:00Z,38.348661,57.295134,79.868035
2026-09-09T13:00:00Z,38.57659,59.183459,87.035627
2026-09-09T14:00:00Z,37.717122,58.660724,88.43965
2026-09-09T15:00:00Z,35.660157,56.80338,85.328537
2026-09-09T16:00:00Z,34.039355,55.310541,79.880024
2026-09-09T17:00:00Z,31.527879,52.213033,73.259575
2026-09-09T18:00:00Z,30.878558,51.186005,72.931847
2026-09-09T19:00:00Z,31.501261,52.172487,74.478841
2026-09-09T20:00:00Z,32.060797,53.373145,75.74636
2026-09-09T21:00:00Z,30.958393,52.442964,73.580729
2026-09-09T22:00:00Z,30.044667,50.903841,70.893927
2026-09-09T23:00:00Z,30.060879,50.253483,68.627495
2026-09-10T00:00:00Z,29.605217,49.795864,69.088076
2026-09-10T01:00:00Z,28.955126,48.97373,69.270216
2026-09-10T02:00:00Z,29.813637,49.878175,71.719643
2026-09-10T03:00:00Z,29.681621,50.196592,73.559815
2026-09-10T04:00:00Z,31.704872,52.512477,77.29002
2026-09-10T05:00:00Z,32.775055,53.14673,77.194969
2026-09-10T06:00:00Z,32.023196,52.877179,77.053153
2026-09-10T07:00:00Z,31.556508,52.097104,74.180474
2026-09-10T08:00:00Z,31.389256,51.489949,72.860179
2026-09-10T09:00:00Z,31.593941,51.729075,71.741039
2026-09-10T10:00:00Z,31.875861,52.304149,71.845596
2026-09-10T11:00:00Z,32.364777,53.875413,74.088462
2026-09-10T12:00:00Z,33.006531,55.396422,79.101277
2026-09-10T13:00:00Z,33.761628,55.372345,82.956262
2026-09-10T14:00:00Z,34.252673,55.811461,84.896718
2026-09-10T15:00:00Z,34.077418,55.912121,84.794263
2026-09-10T16:00:00Z,32.98096,54.768166,80.646928
2026-09-10T17:00:00Z,30.296751,51.781869,73.855614
2026-09-10T18:00:00Z,30.718911,50.205459,70.986884
2026-09-10T19:00:00Z,28.927524,48.672421,69.205258
2026-09-10T20:00:00Z,27.896012,49.679286,68.572748
2026-09-10T21:00:00Z,25.907217,49.959374,68.3954
2026-09-10T22:00:00Z,28.077234,50.76864,68.985103
2026-09-10T23:00:00Z,29.045363,51.389645,70.018735
2026-09-11T00:00:00Z,29.653086,50.656186,70.084586
2026-09-11T01:00:00Z,29.048822,49.234666,69.634035
2026-09-11T02:00:00Z,29.233263,49.424695,69.93168
2026-09-11T03:00:00Z,29.307427,49.862059,72.042637
2026-09-11T04:00:00Z,30.47137,50.876565,72.647416
2026-09-11T05:00:00Z,31.545263,53.335745,76.447934
2026-09-11T06:00:00Z,30.533453,50.958614,79.044111
2026-09-11T07:00:00Z,30.804815,52.583624,84.161727
2026-09-11T08:00:00Z,31.680433,52.580411,82.663514
2026-09-11T09:00:00Z,32.722319,55.471902,83.71893
2026-09-11T10:00:00Z,33.07152,54.110182,78.421503
2026-09-11T11:00:00Z,33.374822,54.18496,78.362806
2026-09-11T12:00:00Z,34.495624,54.883629,78.365977
2026-09-11T13:00:00Z,35.360613,56.242654,83.3297
2026-09-11T14:00:00Z,35.666308,55.963471,83.277795
2026-09-11T15:00:00Z,35.156353,55.650048,82.653535
2026-09-11T16:00:00Z,34.791736,54.988911,79.024058
2026-09-11T17:00:00Z,32.578168,52.944309,73.904874
2026-09-11T18:00:00Z,32.134023,50.752057,70.498312
2026-09-11T19:00:00Z,30.834354,49.772099,67.578924
2026-09-11T20:00:00Z,31.843097,50.983293,68.685876
2026-09-11T21:00:00Z,31.976277,51.522413,69.255342
2026-09-11T22:00:00Z,32.770676,52.604922,70.632359
2026-09-11T23:00:00Z,33.652805,53.905737,72.370849
2026-09-12T00:00:00Z,33.151641,53.146225,71.613299
2026-09-12T01:00:00Z,33.343166,53.640177,72.424543
2026-09-12T02:00:00Z,33.718005,54.04467,73.695307
2026-09-12T03:00:00Z,33.731735,54.17826,74.356046
2026-09-12T04:00:00Z,35.822381,55.808213,75.725098
2026-09-12T05:00:00Z,36.327606,56.358861,77.403169
2026-09-12T06:00:00Z,36.787569,56.523447,78.605276
2026-09-12T07:00:00Z,35.874328,55.428676,77.466646
2026-09-12T08:00:00Z,35.153715,54.001567,75.399099
2026-09-12T09:00:00Z,34.85992,53.729104,74.721793
2026-09-12T10:00:00Z,34.628801,52.634676,72.571856
2026-09-12T11:00:00Z,34.888066,52.960601,72.059186
2026-09-12T12:00:00Z,36.143483,54.301203,75.816161
2026-09-12T13:00:00Z,36.111652,54.968301,77.501401
2026-09-12T14:00:00Z,36.572169,55.398325,81.106154
2026-09-12T15:00:00Z,35.164585,54.164915,79.582041
2026-09-12T16:00:00Z,34.236827,52.844506,76.458496
2026-09-12T17:00:00Z,33.057175,51.217879,73.307447
2026-09-12T18:00:00Z,31.820952,49.909697,69.565063
2026-09-12T19:00:00Z,32.831986,50.932092,69.558485
2026-09-12T20:00:00Z,32.774672,50.231062,67.840522
2026-09-12T21:00:00Z,31.672478,49.755327,68.113659
2026-09-12T22:00:00Z,32.574099,50.92904,69.551178
2026-09-12T23:00:00Z,33.03602,51.833168,71.561425
2026-09-13T00:00:00Z,33.301173,52.005614,69.907036
2026-09-13T01:00:00Z,34.409516,52.606271,70.894263
2026-09-13T02:00:00Z,34.216525,52.666688,70.237405
2026-09-13T03:00:00Z,34.296562,52.592637,70.499389
2026-09-13T04:00:00Z,34.844386,53.024199,71.377256
2026-09-13T05:00:00Z,35.594637,53.834922,74.670591
2026-09-13T06:00:00Z,35.381524,54.174546,75.380908
2026-09-13T07:00:00Z,35.368434,54.085385,75.688006
2026-09-13T08:00:00Z,34.725264,53.590738,74.758779
2026-09-13T09:00:00Z,34.306766,53.116029,73.294271
2026-09-13T10:00:00Z,34.189774,52.373772,70.994592
2026-09-13T11:00:00Z,34.504226,53.141946,72.444769
2026-09-13T12:00:00Z,34.538191,53.137655,73.040902
2026-09-13T13:00:00Z,35.629998,55.354023,80.221074
2026-09-13T14:00:00Z,35.866667,55.609114,81.952724
2026-09-13T15:00:00Z,34.743208,54.559767,80.385974
2026-09-13T16:00:00Z,34.303297,54.029257,79.669571
2026-09-13T17:00:00Z,33.311822,52.863267,74.961151
2026-09-13T18:00:00Z,32.563713,51.994339,70.779264
2026-09-13T19:00:00Z,33.292301,51.582816,67.159991
2026-09-13T20:00:00Z,33.388558,52.048194,70.271608
2026-09-13T21:00:00Z,33.564989,51.930246,68.488813
2026-09-13T22:00:00Z,32.786163,52.093013,68.250093
2026-09-13T23:00:00Z,33.292277,52.063318,68.073321
2026-09-14T00:00:00Z,31.525933,50.450407,67.921917
2026-09-14T01:00:00Z,30.566879,49.695379,67.444375
2026-09-14T02:00:00Z,30.209957,48.964907,68.755361
2026-09-14T03:00:00Z,30.360098,49.236924,70.206883
2026-09-14T04:00:00Z,31.72287,50.888865,73.993167
2026-09-14T05:00:00Z,33.391068,52.864806,75.889332
2026-09-14T06:00:00Z,33.319639,54.109995,77.083234
2026-09-14T07:00:00Z,31.202475,52.947944,73.339945
2026-09-14T08:00:00Z,31.491278,52.981777,74.130621
2026-09-14T09:00:00Z,31.238232,53.066781,73.443382
2026-09-14T10:00:00Z,31.746279,52.50029,72.564244
2026-09-14T11:00:00Z,32.517955,52.723131,72.076921
2026-09-14T12:00:00Z,32.637273,53.403255,74.556866
2026-09-14T13:00:00Z,33.710258,54.109117,79.887719
2026-09-14T14:00:00Z,33.938411,54.912661,83.000641
2026-09-14T15:00:00Z,35.031344,55.409578,82.380164
2026-09-14T16:00:00Z,32.599185,52.73946,76.580851
2026-09-14T17:00:00Z,31.560419,51.9251,73.167043
2026-09-14T18:00:00Z,31.209614,50.543244,70.458057
2026-09-14T19:00:00Z,31.355784,50.153384,69.750819
2026-09-14T20:00:00Z,31.444753,50.326351,68.028782
2026-09-14T21:00:00Z,30.945935,50.542417,69.08065
2026-09-14T22:00:00Z,31.814634,51.928535,69.438835
2026-09-14T23:00:00Z,31.556988,52.404477,70.592141
2026-09-15T00:00:00Z,29.992275,50.926928,69.832054
2026-09-15T01:00:00Z,30.09392,49.697893,71.291937
2026-09-15T02:00:00Z,30.116945,49.95117,72.87709
2026-09-15T03:00:00Z,30.789319,51.007803,75.396779
2026-09-15T04:00:00Z,32.420832,54.069413,78.128124
2026-09-15T05:00:00Z,33.086305,53.755091,77.642051
2026-09-15T06:00:00Z,31.956456,53.587015,77.581045
2026-09-15T07:00:00Z,31.200678,52.91036,75.384924
2026-09-15T08:00:00Z,31.163403,52.606377,75.721174
2026-09-15T09:00:00Z,32.119215,52.447641,74.912862
2026-09-15T10:00:00Z,32.049624,52.725552,75.225952
2026-09-15T11:00:00Z,33.426693,54.483511,76.432963
2026-09-15T12:00:00Z,33.128716,55.530473,81.018094
2026-09-15T13:00:00Z,36.052562,56.854691,83.480904
2026-09-15T14:00:00Z,36.458939,56.906278,84.331819
2026-09-15T15:00:00Z,36.154623,54.969279,80.245468
2026-09-15T16:00:00Z,34.533716,54.058972,77.830329
2026-09-15T17:00:00Z,33.492187,52.939213,73.313894
2026-09-15T18:00:00Z,32.007334,51.419853,70.056182
2026-09-15T19:00:00Z,30.765404,50.212811,69.827204
2026-09-15T20:00:00Z,31.648701,48.993519,71.778649
2026-09-15T21:00:00Z,32.185769,50.983268,71.260154
2026-09-15T22:00:00Z,33.214541,51.263808,71.086162
2026-09-15T23:00:00Z,34.011209,52.966622,73.225138
2026-09-16T00:00:00Z,32.290749,51.98079,71.409032
2026-09-16T01:00:00Z,31.090822,49.119944,70.29681
2026-09-16T02:00:00Z,29.728498,48.41109,69.300594
2026-09-16T03:00:00Z,30.051441,49.150989,70.028379
2026-09-16T04:00:00Z,32.340621,52.252103,74.194761
2026-09-16T05:00:00Z,35.383503,55.450754,78.272742
2026-09-16T06:00:00Z,34.590041,54.117613,76.410122
2026-09-16T07:00:00Z,32.675596,52.098555,73.714506
2026-09-16T08:00:00Z,32.052942,51.47319,73.637586
2026-09-16T09:00:00Z,32.057139,51.226694,71.91758
2026-09-16T10:00:00Z,33.867226,53.433694,75.119932
2026-09-16T11:00:00Z,33.926994,53.483019,74.225987
2026-09-16T12:00:00Z,35.900897,56.416735,78.311367
2026-09-16T13:00:00Z,37.704775,57.840366,81.702734
2026-09-16T14:00:00Z,38.186947,58.639888,85.922851
2026-09-16T15:00:00Z,35.978305,56.546292,81.646919
2026-09-16T16:00:00Z,33.730044,54.616593,80.508871
2026-09-16T17:00:00Z,32.659146,52.291234,74.634984
2026-09-16T18:00:00Z,31.404412,51.129996,71.108796
2026-09-16T19:00:00Z,30.735897,48.092443,68.413741
2026-09-16T20:00:00Z,29.842405,47.129363,67.455126
2026-09-16T21:00:00Z,31.230937,48.173786,66.979293
2026-09-16T22:00:00Z,31.683174,48.596249,71.420182
2026-09-16T23:00:00Z,32.349486,50.990311,72.6317
2026-09-17T00:00:00Z,31.392241,50.308857,72.009201
2026-09-17T01:00:00Z,30.538662,48.212603,69.950145
2026-09-17T02:00:00Z,30.416684,48.118656,73.282273
2026-09-17T03:00:00Z,30.804984,48.575398,73.229912
2026-09-17T04:00:00Z,31.517606,50.537003,75.571743
2026-09-17T05:00:00Z,31.904545,51.251887,74.764163
2026-09-17T06:00:00Z,32.082222,52.147093,76.827147
2026-09-17T07:00:00Z,32.005187,51.177609,75.469113
2026-09-17T08:00:00Z,32.105255,50.705098,74.631582
2026-09-17T09:00:00Z,32.195581,51.069211,74.039517
2026-09-17T10:00:00Z,32.909137,51.912246,74.530064
2026-09-17T11:00:00Z,33.550395,52.378482,74.511868
2026-09-17T12:00:00Z,35.897762,55.752579,80.812797
2026-09-17T13:00:00Z,37.621357,57.26723,83.076648
2026-09-17T14:00:00Z,37.57826,57.199877,85.112858
2026-09-17T15:00:00Z,36.933824,56.384768,82.503465
2026-09-17T16:00:00Z,35.602558,53.916887,77.76533
2026-09-17T17:00:00Z,34.170139,52.406269,74.445809
2026-09-17T18:00:00Z,33.352196,52.421725,71.99472
2026-09-17T19:00:00Z,34.679356,53.201472,74.827217
2026-09-17T20:00:00Z,33.584069,51.39967,70.483729
2026-09-17T21:00:00Z,32.811137,49.487494,69.088624
2026-09-17T22:00:00Z,33.95968,51.401351,71.600349
2026-09-17T23:00:00Z,34.869574,51.721822,72.725789
2026-09-18T00:00:00Z,32.352113,50.159751,69.000372
2026-09-18T01:00:00Z,30.775663,49.828955,69.8306
2026-09-18T02:00:00Z,30.152961,49.052681,70.208123
2026-09-18T03:00:00Z,30.276957,49.981452,72.209842
2026-09-18T04:00:00Z,31.218197,51.382275,74.353686
2026-09-18T05:00:00Z,31.95142,51.872714,74.181322
2026-09-18T06:00:00Z,31.622587,51.96093,73.433501
2026-09-18T07:00:00Z,31.516916,51.235363,73.335513
2026-09-18T08:00:00Z,31.114438,50.887537,72.05229
2026-09-18T09:00:00Z,31.392569,51.42646,74.055193
2026-09-18T10:00:00Z,32.098785,51.595651,73.127391
2026-09-18T11:00:00Z,32.778269,53.731647,74.882611
2026-09-18T12:00:00Z,33.795262,55.074873,76.364674
2026-09-18T13:00:00Z,35.915471,56.717319,82.538823
2026-09-18T14:00:00Z,35.973292,57.205484,85.589338
2026-09-18T15:00:00Z,34.758934,54.657982,81.203966
2026-09-18T16:00:00Z,33.637593,53.677315,79.593469
2026-09-18T17:00:00Z,31.845401,51.339079,74.945012
2026-09-18T18:00:00Z,29.996411,51.366118,73.492103
2026-09-18T19:00:00Z,27.660272,50.867728,71.401432
2026-09-18T20:00:00Z,30.360874,52.584415,72.376498
2026-09-18T21:00:00Z,28.968007,51.882789,74.099364
2026-09-18T22:00:00Z,32.549715,53.515076,76.503867
2026-09-18T23:00:00Z,30.963661,52.267457,73.013349
2026-09-19T00:00:00Z,31.048785,51.064503,71.06356
2026-09-19T01:00:00Z,30.954305,51.574412,72.499281
2026-09-19T02:00:00Z,31.635154,51.486138,72.398256
2026-09-19T03:00:00Z,31.129645,51.323802,72.4822
2026-09-19T04:00:00Z,31.534449,51.569374,72.030945
2026-09-19T05:00:00Z,33.19159,53.808336,76.095814
2026-09-19T06:00:00Z,33.398565,54.48524,76.644086
2026-09-19T07:00:00Z,32.659821,54.403077,76.935708
2026-09-19T08:00:00Z,31.402952,52.466601,73.151068
2026-09-19T09:00:00Z,31.206192,52.570666,72.434936
2026-09-19T10:00:00Z,32.082166,51.748351,70.85651
2026-09-19T11:00:00Z,32.665865,52.114443,70.902445
2026-09-19T12:00:00Z,32.569923,52.526123,72.005892
2026-09-19T13:00:00Z,33.112912,53.403935,74.027934
2026-09-19T14:00:00Z,34.097983,54.403624,76.74285
2026-09-19T15:00:00Z,33.620307,54.395779,76.947719
2026-09-19T16:00:00Z,33.273542,54.41279,76.391133
2026-09-19T17:00:00Z,31.876028,54.152917,73.930182
2026-09-19T18:00:00Z,31.913204,53.127155,73.608076
2026-09-19T19:00:00Z,30.51593,52.919522,71.629822
2026-09-19T20:00:00Z,29.780005,52.170609,71.119064
2026-09-19T21:00:00Z,29.066397,51.538281,71.310987
2026-09-19T22:00:00Z,28.914695,51.635883,70.844736
2026-09-19T23:00:00Z,28.767094,51.018256,71.619127
2026-09-20T00:00:00Z,30.626027,51.98348,72.979309
2026-09-20T01:00:00Z,36.406381,58.2238,81.941349
2026-09-20T02:00:00Z,37.503036,59.369416,84.375782
2026-09-20T03:00:00Z,36.030694,61.056367,89.035784
2026-09-20T04:00:00Z,37.154362,62.807248,96.141821
2026-09-20T05:00:00Z,35.620575,62.13073,95.648272
2026-09-20T06:00:00Z,36.619482,59.471107,87.626013
2026-09-20T07:00:00Z,35.886472,56.980062,82.479021
2026-09-20T08:00:00Z,35.155088,54.620594,77.349911
2026-09-20T09:00:00Z,35.107269,54.016598,76.928878
2026-09-20T10:00:00Z,34.282608,53.286766,75.299838
2026-09-20T11:00:00Z,35.107233,54.076707,75.42997
2026-09-20T12:00:00Z,34.100512,53.320517,75.475308
2026-09-20T13:00:00Z,34.99206,53.950539,78.359142
2026-09-20T14:00:00Z,34.078564,53.406396,81.093901
2026-09-20T15:00:00Z,32.899444,51.720202,79.28915
2026-09-20T16:00:00Z,31.784391,50.288673,76.0866
2026-09-20T17:00:00Z,30.81763,49.932113,73.923224
2026-09-20T18:00:00Z,30.833246,50.475872,72.928711
2026-09-20T19:00:00Z,31.681627,51.824492,75.430864
2026-09-20T20:00:00Z,31.385346,52.58626,76.42153
2026-09-20T21:00:00Z,31.620468,51.989626,74.336345
2026-09-20T22:00:00Z,31.454204,51.763221,78.626548
2026-09-20T23:00:00Z,30.334825,49.80747,73.934635
2026-09-21T00:00:00Z,29.999047,48.628447,72.223854
2026-09-21T01:00:00Z,29.954449,49.28993,69.936519
2026-09-21T02:00:00Z,30.369139,49.341668,70.962389
2026-09-21T03:00:00Z,30.706206,50.544066,72.468151
2026-09-21T04:00:00Z,31.564447,51.634886,76.32378
2026-09-21T05:00:00Z,32.517198,53.016192,76.578319
2026-09-21T06:00:00Z,32.421388,53.382195,77.747604
2026-09-21T07:00:00Z,33.350032,53.574123,76.728222
2026-09-21T08:00:00Z,32.347773,52.842605,75.008124
2026-09-21T09:00:00Z,32.280743,51.524322,73.130041
2026-09-21T10:00:00Z,31.757234,51.704664,74.103076
2026-09-21T11:00:00Z,31.886416,51.572371,73.341465
2026-09-21T12:00:00Z,33.330844,53.010812,75.405944
2026-09-21T13:00:00Z,35.468721,55.941837,78.466657
2026-09-21T14:00:00Z,36.471364,56.99133,82.713733
2026-09-21T15:00:00Z,35.31312,57.086076,81.598974
2026-09-21T16:00:00Z,33.516487,54.161166,79.5137
2026-09-21T17:00:00Z,31.961028,52.980223,77.499738
2026-09-21T18:00:00Z,31.027487,52.528478,77.614464
2026-09-21T19:00:00Z,28.836437,52.77917,78.464263
2026-09-21T20:00:00Z,28.569706,52.326587,78.735899
2026-09-21T21:00:00Z,28.489688,50.15066,77.737672
2026-09-21T22:00:00Z,29.577221,50.343997,75.3484
2026-09-21T23:00:00Z,29.074363,50.74593,74.281211
